class_name,metadata,x1,y1,z1,v1,x2,y2,z2,v2,x3,y3,z3,v3,x4,y4,z4,v4,x5,y5,z5,v5,x6,y6,z6,v6,x7,y7,z7,v7,x8,y8,z8,v8,x9,y9,z9,v9,x10,y10,z10,v10,x11,y11,z11,v11,x12,y12,z12,v12,x13,y13,z13,v13,x14,y14,z14,v14,x15,y15,z15,v15,x16,y16,z16,v16,x17,y17,z17,v17,x18,y18,z18,v18,x19,y19,z19,v19,x20,y20,z20,v20,x21,y21,z21,v21,x22,y22,z22,v22,x23,y23,z23,v23,x24,y24,z24,v24,x25,y25,z25,v25,x26,y26,z26,v26,x27,y27,z27,v27,x28,y28,z28,v28,x29,y29,z29,v29,x30,y30,z30,v30,x31,y31,z31,v31,x32,y32,z32,v32,x33,y33,z33,v33
ayesha,"static, elbow_grip",0.5050135850906372,0.7024437785148621,-0.06486593931913376,0.9999973773956299,0.5014160871505737,0.7108107209205627,-0.04066001623868942,0.9999967813491821,0.5009384155273438,0.7075817584991455,-0.040681418031454086,0.9999963045120239,0.5005601644515991,0.7044733762741089,-0.04069454222917557,0.9999969005584717,0.5054560899734497,0.7196565866470337,-0.056835051625967026,0.9999953508377075,0.5077932476997375,0.7228395342826843,-0.05687997117638588,0.9999946355819702,0.5102813839912415,0.7259910106658936,-0.05685148388147354,0.9999955892562866,0.5087083578109741,0.6999502182006836,0.07034958153963089,0.9999967813491821,0.5232005715370178,0.7327524423599243,-0.00532012153416872,0.999997615814209,0.5109765529632568,0.686528742313385,-0.027115782722830772,0.9999980926513672,0.5155453085899353,0.6957423686981201,-0.049106817692518234,0.999997615814209,0.5278469324111938,0.598437488079071,0.0771927684545517,0.9999828338623047,0.5811818242073059,0.7245711088180542,-0.034401167184114456,0.999997615814209,0.47444623708724976,0.5395449995994568,-0.11296668648719788,0.9281425476074219,0.5309751033782959,0.8697501420974731,-0.1409500688314438,0.9978101849555969,0.517659068107605,0.6131632328033447,-0.38832566142082214,0.733106255531311,0.49495771527290344,0.99189692735672,-0.0591098815202713,0.9755321741104126,0.5305547714233398,0.6289450526237488,-0.43024662137031555,0.603531002998352,0.4904940724372864,1.028027057647705,-0.07480145245790482,0.9486308693885803,0.5345348119735718,0.6426058411598206,-0.4016009271144867,0.5892377495765686,0.48952701687812805,1.0348846912384033,-0.07221012562513351,0.9383981823921204,0.5386617183685303,0.6463474035263062,-0.38535231351852417,0.5452669262886047,0.49088793992996216,1.018582820892334,-0.06109674274921417,0.9292356371879578,0.6334157586097717,0.39946556091308594,0.06525016576051712,0.9999179840087891,0.6766800284385681,0.42194923758506775,-0.06528598815202713,0.9999885559082031,0.4960628151893616,0.5038304328918457,-0.05918605625629425,0.9150620698928833,0.5994716882705688,0.4918636679649353,-0.37810975313186646,0.9981986880302429,0.4601662755012512,0.3942956030368805,-0.1196034625172615,0.8444703817367554,0.5561931729316711,0.26741737127304077,-0.3552855849266052,0.9824059009552002,0.462283194065094,0.3685760498046875,-0.12498406320810318,0.8806113600730896,0.558812141418457,0.2543514370918274,-0.35176774859428406,0.9716222882270813,0.42031657695770264,0.4083974361419678,-0.17412130534648895,0.9305130839347839,0.5330720543861389,0.17193883657455444,-0.4249182343482971,0.9846556186676025,0.5330720543861389,0.17193883657455444,-0.4249182343482971,0.9846556186676025
ayesha,"static, elbow_grip",0.5099648237228394,0.7020989656448364,-0.12165402621030807,0.9999971985816956,0.5054240822792053,0.7099617123603821,-0.0978040024638176,0.9999966025352478,0.5049379467964172,0.7063294053077698,-0.09785227477550507,0.9999961256980896,0.5045692920684814,0.7026838064193726,-0.09790578484535217,0.9999966621398926,0.509560227394104,0.7196292877197266,-0.11340354382991791,0.9999950528144836,0.5119985342025757,0.7229366898536682,-0.11344283074140549,0.9999942779541016,0.5146840214729309,0.7264269590377808,-0.11340506374835968,0.9999951124191284,0.511947751045227,0.69771409034729,0.015170021913945675,0.9999967217445374,0.526830792427063,0.7333007454872131,-0.05655787140130997,0.9999974966049194,0.5159092545509338,0.6853511333465576,-0.08216529339551926,0.9999979734420776,0.5210170149803162,0.6957646012306213,-0.10288424044847488,0.9999973773956299,0.5300347805023193,0.5973358750343323,0.03310489282011986,0.9999833106994629,0.5839295983314514,0.7245711088180542,-0.08807637542486191,0.9999977350234985,0.4748162031173706,0.5400884747505188,-0.16137827932834625,0.9206360578536987,0.5319688320159912,0.8696914315223694,-0.2413034588098526,0.9979463219642639,0.5064593553543091,0.624180793762207,-0.4605049192905426,0.727942168712616,0.4946766197681427,1.0054798126220703,-0.1843096762895584,0.9774092435836792,0.5144380331039429,0.6394528746604919,-0.5047091245651245,0.6012320518493652,0.4904234707355499,1.0513570308685303,-0.20332853496074677,0.9517428874969482,0.5227397084236145,0.6579420566558838,-0.48365581035614014,0.5883834958076477,0.48951977491378784,1.0532606840133667,-0.19164930284023285,0.9421517848968506,0.524606466293335,0.6525558829307556,-0.46228063106536865,0.5475724935531616,0.49082210659980774,1.0345349311828613,-0.18261049687862396,0.9335984587669373,0.6317799687385559,0.39598461985588074,0.060314059257507324,0.9999236464500427,0.6767253875732422,0.42167532444000244,-0.060321055352687836,0.9999892711639404,0.4927661120891571,0.4980584681034088,-0.07068219780921936,0.9194386601448059,0.5918448567390442,0.49186187982559204,-0.3372595012187958,0.9982039928436279,0.4212067723274231,0.3303346633911133,-0.15712577104568481,0.8551065325737,0.560079038143158,0.27132582664489746,-0.2865065634250641,0.9831910133361816,0.42774301767349243,0.3018067181110382,-0.16692253947257996,0.8851884007453918,0.5623897910118103,0.25504857301712036,-0.2838062345981598,0.9716048836708069,0.3526782989501953,0.31299421191215515,-0.24274754524230957,0.9336591958999634,0.5374506115913391,0.17164263129234314,-0.374671071767807,0.9847667217254639,0.5374506115913391,0.17164263129234314,-0.374671071767807,0.9847667217254639
ayesha,"static, elbow_grip",0.5247897505760193,0.6975229978561401,-0.11023180931806564,0.9999955892562866,0.5171673893928528,0.6957735419273376,-0.08632826060056686,0.9999954104423523,0.515801191329956,0.6901345252990723,-0.08637384325265884,0.9999948740005493,0.5144879817962646,0.6844280958175659,-0.08643082529306412,0.9999955892562866,0.5228402614593506,0.7091056108474731,-0.09956292808055878,0.9999933242797852,0.525307297706604,0.7125777006149292,-0.0996236801147461,0.9999923706054688,0.5277180075645447,0.7157544493675232,-0.09962327033281326,0.999993085861206,0.5193798542022705,0.6748713850975037,0.02377731166779995,0.9999958872795105,0.536608099937439,0.7134407162666321,-0.04067736491560936,0.9999964833259583,0.5279119610786438,0.6786377429962158,-0.07174158841371536,0.9999964833259583,0.5357792377471924,0.6940041780471802,-0.0896676704287529,0.9999951124191284,0.5326710343360901,0.5806155204772949,0.027715308591723442,0.9999820590019226,0.5869642496109009,0.7200398445129395,-0.07207663357257843,0.9999977946281433,0.4800414443016052,0.5419251918792725,-0.16534385085105896,0.9002470374107361,0.5322043299674988,0.867954432964325,-0.21006177365779877,0.9978896975517273,0.4942910373210907,0.6199343204498291,-0.4416699707508087,0.7119244337081909,0.4944823682308197,1.0205694437026978,-0.1537143588066101,0.9783917665481567,0.49448922276496887,0.6259454488754272,-0.48254379630088806,0.5916417837142944,0.4904147684574127,1.0673327445983887,-0.16882042586803436,0.9530057311058044,0.5015184879302979,0.6475769877433777,-0.46631479263305664,0.5808771848678589,0.48952287435531616,1.0675138235092163,-0.16038326919078827,0.9437653422355652,0.5044456720352173,0.6409142017364502,-0.4451664090156555,0.5465171933174133,0.49079668521881104,1.0501508712768555,-0.1530270278453827,0.9358071088790894,0.6324822902679443,0.38600480556488037,0.05018925294280052,0.9999276995658875,0.6782229542732239,0.41935837268829346,-0.05024990811944008,0.9999895691871643,0.49169430136680603,0.4953671395778656,-0.09630883485078812,0.9234958291053772,0.5886542797088623,0.49985238909721375,-0.34207743406295776,0.9980613589286804,0.4128546714782715,0.3228779733181,-0.2270411103963852,0.8653509616851807,0.5610675811767578,0.2749088704586029,-0.3175409734249115,0.9828637838363647,0.42184320092201233,0.29605257511138916,-0.24088458716869354,0.8895528316497803,0.5659955143928528,0.2642568349838257,-0.3258970081806183,0.9694437980651855,0.35305356979370117,0.299656480550766,-0.32118460536003113,0.9371258020401001,0.5392674803733826,0.1719512790441513,-0.42793115973472595,0.9837639331817627,0.5392674803733826,0.1719512790441513,-0.42793115973472595,0.9837639331817627
ayesha,"static, elbow_grip",0.5305160284042358,0.6943070292472839,-0.1158139780163765,0.9999939203262329,0.522191047668457,0.6892807483673096,-0.09218601137399673,0.9999940991401672,0.5206055641174316,0.6831129789352417,-0.09222862869501114,0.9999935030937195,0.5190659761428833,0.6769774556159973,-0.09229137748479843,0.9999943971633911,0.528109610080719,0.7038037180900574,-0.10405884683132172,0.9999915361404419,0.530497133731842,0.7073673009872437,-0.10413174331188202,0.9999904036521912,0.5327582955360413,0.7104440927505493,-0.10415883362293243,0.9999911189079285,0.5233328342437744,0.6668080687522888,0.017758149653673172,0.9999950528144836,0.5411010980606079,0.706050455570221,-0.038490209728479385,0.9999955296516418,0.5330185294151306,0.6744135618209839,-0.07723831385374069,0.9999949336051941,0.5414358973503113,0.6923460364341736,-0.09346731752157211,0.9999929070472717,0.5344046950340271,0.5733388662338257,0.020060313865542412,0.9999805688858032,0.5886148810386658,0.7176578044891357,-0.07098309695720673,0.9999978542327881,0.48288437724113464,0.5434908270835876,-0.1775968372821808,0.8835660815238953,0.5322903990745544,0.8670926094055176,-0.21310223639011383,0.9978339076042175,0.4950864911079407,0.6175799369812012,-0.4508238732814789,0.6946454048156738,0.4942893385887146,1.0260987281799316,-0.15809030830860138,0.9791424870491028,0.49645695090293884,0.6219712495803833,-0.49157822132110596,0.5794413089752197,0.4904017746448517,1.0732296705245972,-0.1733328253030777,0.9538383483886719,0.5030402541160583,0.6443110108375549,-0.4761103093624115,0.5704386830329895,0.4895237982273102,1.0721646547317505,-0.16532762348651886,0.9448346495628357,0.5057350993156433,0.637290358543396,-0.45482131838798523,0.5415716171264648,0.49076518416404724,1.0549578666687012,-0.1578293740749359,0.9372961521148682,0.6325529217720032,0.38234367966651917,0.04774513095617294,0.9999313354492188,0.678777813911438,0.41869351267814636,-0.04781169071793556,0.9999898672103882,0.4907282590866089,0.4932716190814972,-0.10367520898580551,0.9274529218673706,0.5857911705970764,0.5051692724227905,-0.34128275513648987,0.9979631304740906,0.4091878831386566,0.3194166421890259,-0.2368578165769577,0.8746129870414734,0.5614787936210632,0.27689501643180847,-0.33889055252075195,0.9826235175132751,0.41899508237838745,0.2916484475135803,-0.2506885528564453,0.8940752744674683,0.5675618648529053,0.2680398225784302,-0.3467993438243866,0.9675958752632141,0.34888696670532227,0.2979592978954315,-0.3284502923488617,0.9403693079948425,0.5401080846786499,0.17236478626728058,-0.44325682520866394,0.9829171895980835,0.5401080846786499,0.17236478626728058,-0.44325682520866394,0.9829171895980835
ayesha,"static, elbow_grip",0.534920871257782,0.693799614906311,-0.14123010635375977,0.9999913573265076,0.5260257124900818,0.6869561076164246,-0.11861816793680191,0.999992311000824,0.5243366956710815,0.6805159449577332,-0.11867087334394455,0.9999917149543762,0.5227152109146118,0.6740604043006897,-0.11874975264072418,0.9999927878379822,0.5320203900337219,0.7017344236373901,-0.12897539138793945,0.9999887347221375,0.5343510508537292,0.7051635980606079,-0.1290467083454132,0.9999873042106628,0.5364928841590881,0.7080129384994507,-0.12908150255680084,0.999987781047821,0.526609480381012,0.663027286529541,-0.01187745202332735,0.9999938607215881,0.5443628430366516,0.702824056148529,-0.05845578387379646,0.999993622303009,0.5378125905990601,0.6737508177757263,-0.10356729477643967,0.9999929070472717,0.5462058186531067,0.6920976042747498,-0.11739036440849304,0.9999896287918091,0.5362191796302795,0.5693911910057068,-0.014663252048194408,0.9999776482582092,0.5905773043632507,0.715315580368042,-0.09503404051065445,0.9999978542327881,0.4873020052909851,0.546593964099884,-0.23926186561584473,0.863456666469574,0.5326116681098938,0.8652118444442749,-0.2572963535785675,0.9977178573608398,0.4977857768535614,0.6029758453369141,-0.530949056148529,0.6778702139854431,0.49420294165611267,1.0226576328277588,-0.2322220653295517,0.9800543785095215,0.49189063906669617,0.6162200570106506,-0.5769197344779968,0.5685595870018005,0.49034562706947327,1.069516658782959,-0.25140056014060974,0.9551262855529785,0.49867308139801025,0.6390447020530701,-0.5643928647041321,0.5613317489624023,0.48948487639427185,1.0683248043060303,-0.2454008311033249,0.9465158581733704,0.501497209072113,0.6339585185050964,-0.5371227264404297,0.5383409261703491,0.49062860012054443,1.0515029430389404,-0.23300500214099884,0.9393550157546997,0.6325601935386658,0.381828635931015,0.04272572696208954,0.9999351501464844,0.6791845560073853,0.41899573802948,-0.04281550273299217,0.9999901056289673,0.4897904396057129,0.49245044589042664,-0.11946427822113037,0.9307015538215637,0.5839961767196655,0.5092085599899292,-0.330166220664978,0.997798502445221,0.4060944616794586,0.3180201053619385,-0.2567003667354584,0.8833478689193726,0.5624412298202515,0.2819712460041046,-0.3393622040748596,0.9820896983146667,0.4037190079689026,0.26173606514930725,-0.271474689245224,0.8983333706855774,0.5695534348487854,0.2737541198730469,-0.3463033437728882,0.9645899534225464,0.34738168120384216,0.295248419046402,-0.3592444360256195,0.9430935382843018,0.5404764413833618,0.17333953082561493,-0.4411776661872864,0.981501042842865,0.5404764413833618,0.17333953082561493,-0.4411776661872864,0.981501042842865
ayesha,"static, elbow_grip",0.5351971983909607,0.6935307383537292,-0.15976816415786743,0.9999885559082031,0.5265239477157593,0.6857290267944336,-0.1378164142370224,0.9999902844429016,0.5248522162437439,0.6791725158691406,-0.13786953687667847,0.9999897480010986,0.523232638835907,0.672653317451477,-0.13795249164104462,0.9999909400939941,0.5325312614440918,0.7005664110183716,-0.1475430577993393,0.9999855160713196,0.5348913669586182,0.7039070129394531,-0.14761294424533844,0.9999837875366211,0.5370660424232483,0.706638753414154,-0.14764438569545746,0.9999839067459106,0.5271813869476318,0.6611534357070923,-0.03235319256782532,0.9999924302101135,0.5450672507286072,0.7010862827301025,-0.07534462958574295,0.9999913573265076,0.5381395220756531,0.6734330058097839,-0.12238616496324539,0.9999907612800598,0.5465691089630127,0.6919651031494141,-0.13518010079860687,0.9999859929084778,0.5368396639823914,0.5673710703849792,-0.03522726148366928,0.9999743103981018,0.5913130044937134,0.7138883471488953,-0.1106245145201683,0.9999977946281433,0.48831892013549805,0.5480562448501587,-0.26367974281311035,0.8450707197189331,0.5328282713890076,0.8643564581871033,-0.27423012256622314,0.9975868463516235,0.49931764602661133,0.5975499749183655,-0.5557157397270203,0.6607099771499634,0.4940835237503052,1.0212304592132568,-0.25561216473579407,0.9808515310287476,0.4926951229572296,0.612189531326294,-0.6025630235671997,0.5568713545799255,0.49028685688972473,1.0679841041564941,-0.2759484350681305,0.9562327265739441,0.4995277523994446,0.6349517107009888,-0.58997642993927,0.5512520670890808,0.4894392788410187,1.0665186643600464,-0.27088072896003723,0.9480074644088745,0.502210795879364,0.6312336921691895,-0.5617995858192444,0.5335354804992676,0.4904800355434418,1.0501015186309814,-0.25691455602645874,0.9411946535110474,0.632514238357544,0.3814156949520111,0.0396944135427475,0.9999381303787231,0.679362416267395,0.41917604207992554,-0.039802566170692444,0.9999902248382568,0.4891780912876129,0.49200665950775146,-0.12934723496437073,0.9333687424659729,0.5835301876068115,0.5113713145256042,-0.328637033700943,0.9976086020469666,0.40460899472236633,0.31724900007247925,-0.26575350761413574,0.8911136984825134,0.5631458163261414,0.28479307889938354,-0.3393908143043518,0.9813467264175415,0.39975595474243164,0.2574785053730011,-0.2805027365684509,0.901660144329071,0.5706132650375366,0.27639999985694885,-0.34612080454826355,0.9610059261322021,0.34024906158447266,0.28734949231147766,-0.37062522768974304,0.9453302025794983,0.5406538248062134,0.17422233521938324,-0.43985477089881897,0.9798364639282227,0.5406538248062134,0.17422233521938324,-0.43985477089881897,0.9798364639282227
ayesha,"static, elbow_grip",0.5351232290267944,0.6942300200462341,-0.22288982570171356,0.9999843835830688,0.5265868306159973,0.6867766976356506,-0.20281453430652618,0.9999866485595703,0.5249119400978088,0.6803100109100342,-0.20285075902938843,0.9999860525131226,0.5232834219932556,0.6738250851631165,-0.20294544100761414,0.9999874830245972,0.532635509967804,0.7011868357658386,-0.21193327009677887,0.9999798536300659,0.5350363850593567,0.7043917775154114,-0.21202686429023743,0.9999775290489197,0.5372673273086548,0.7069674134254456,-0.21205434203147888,0.9999769330024719,0.527138888835907,0.6614537835121155,-0.0994635671377182,0.9999896883964539,0.5450498461723328,0.70082026720047,-0.1396642029285431,0.9999876618385315,0.5381351113319397,0.6739554405212402,-0.18589119613170624,0.9999874234199524,0.546457052230835,0.6930161714553833,-0.19772332906723022,0.9999809265136719,0.5367968678474426,0.5681597590446472,-0.09688716381788254,0.9999707341194153,0.5912166237831116,0.7134445905685425,-0.1646386981010437,0.9999976754188538,0.48936042189598083,0.5479297041893005,-0.3203938603401184,0.8353146910667419,0.533036470413208,0.8637129664421082,-0.320363312959671,0.9974952936172485,0.5012199282646179,0.5865325927734375,-0.606326162815094,0.6476020812988281,0.4938555955886841,1.0221023559570312,-0.29088354110717773,0.9814097881317139,0.49560144543647766,0.5956705808639526,-0.6547960042953491,0.5475077629089355,0.4902329742908478,1.0684722661972046,-0.31321579217910767,0.9565131664276123,0.501073956489563,0.619056224822998,-0.6436382532119751,0.5436078906059265,0.48940509557724,1.066953182220459,-0.30747634172439575,0.9485960006713867,0.505240797996521,0.6164243221282959,-0.6126057505607605,0.5302535891532898,0.4903651177883148,1.0507926940917969,-0.2923639118671417,0.9422835111618042,0.6321151852607727,0.3815813660621643,0.037206683307886124,0.9999392032623291,0.6791396737098694,0.4194684326648712,-0.03734667971730232,0.9999899864196777,0.48867082595825195,0.49183541536331177,-0.12436829507350922,0.9341287612915039,0.5836578607559204,0.5119932889938354,-0.3262041211128235,0.9971902370452881,0.4029633402824402,0.3222510814666748,-0.24024350941181183,0.8972895741462708,0.5645925402641296,0.29052627086639404,-0.3127751648426056,0.9796419739723206,0.4038185179233551,0.2588003873825073,-0.25299304723739624,0.9029921293258667,0.57163405418396,0.28057861328125,-0.3144873082637787,0.9557151198387146,0.3437107503414154,0.28649622201919556,-0.34499549865722656,0.9464024305343628,0.5407108664512634,0.1872914880514145,-0.4118209779262543,0.9771459698677063,0.5407108664512634,0.1872914880514145,-0.4118209779262543,0.9771459698677063
ayesha,"static, elbow_grip",0.5349662899971008,0.6944530010223389,-0.2195110321044922,0.9999807476997375,0.5264449119567871,0.6871669888496399,-0.19915741682052612,0.9999833703041077,0.5247532725334167,0.6806730031967163,-0.1991938203573227,0.9999827146530151,0.5231050252914429,0.674148678779602,-0.19928599894046783,0.9999844431877136,0.5325339436531067,0.7014560699462891,-0.20831650495529175,0.9999747276306152,0.5349498987197876,0.7045881748199463,-0.20840875804424286,0.9999719262123108,0.5372006893157959,0.7070909738540649,-0.2084353119134903,0.9999707937240601,0.5268905162811279,0.6614441871643066,-0.0953887552022934,0.9999871850013733,0.5449178814888,0.7007858157157898,-0.13599474728107452,0.9999843239784241,0.537955641746521,0.674094557762146,-0.18252602219581604,0.9999844431877136,0.5462750196456909,0.693526029586792,-0.19446270167827606,0.999976396560669,0.5367472767829895,0.568566620349884,-0.09341325610876083,0.9999676942825317,0.5911005139350891,0.7130986452102661,-0.16071073710918427,0.999997615814209,0.48887011408805847,0.5438244342803955,-0.31719115376472473,0.8277508616447449,0.5331592559814453,0.8633342981338501,-0.3149395287036896,0.9974130392074585,0.5028320550918579,0.5827071666717529,-0.6025539040565491,0.6370929479598999,0.4936763346195221,1.022582769393921,-0.28454461693763733,0.9819216132164001,0.4966851472854614,0.5904014110565186,-0.650909423828125,0.539847195148468,0.4901863634586334,1.0687813758850098,-0.30666759610176086,0.9568453431129456,0.5019822120666504,0.6136398911476135,-0.6385442614555359,0.5373991131782532,0.4893741309642792,1.067222237586975,-0.3011380434036255,0.9491960406303406,0.5063095092773438,0.6112985014915466,-0.6081945300102234,0.5277976393699646,0.49026837944984436,1.0511634349822998,-0.2860751450061798,0.9432998299598694,0.6318905353546143,0.3818613588809967,0.03614135459065437,0.9999400973320007,0.6790403723716736,0.41971439123153687,-0.03628293424844742,0.9999897480010986,0.4884345233440399,0.4916175603866577,-0.12234528362751007,0.9347183704376221,0.5836954712867737,0.5125328302383423,-0.3242926597595215,0.9967986941337585,0.40276554226875305,0.3243566155433655,-0.23617134988307953,0.9026390314102173,0.5654258131980896,0.2931649088859558,-0.30711472034454346,0.9779929518699646,0.40510544180870056,0.261181116104126,-0.24880149960517883,0.9040573835372925,0.5721741914749146,0.28246617317199707,-0.30785733461380005,0.9510489106178284,0.3455969989299774,0.2889483571052551,-0.34161514043807983,0.9472470283508301,0.5415346026420593,0.1877884566783905,-0.4043380618095398,0.9746638536453247,0.5415346026420593,0.1877884566783905,-0.4043380618095398,0.9746638536453247
ayesha,"static, elbow_grip",0.5342980027198792,0.6950629949569702,-0.24416320025920868,0.9999778270721436,0.5260595083236694,0.6878150105476379,-0.22467166185379028,0.9999806880950928,0.5243709683418274,0.6814906001091003,-0.22470936179161072,0.999980092048645,0.5227347612380981,0.6751453280448914,-0.22480779886245728,0.9999818801879883,0.5321866273880005,0.7018676996231079,-0.23345966637134552,0.9999701976776123,0.534626305103302,0.7050040364265442,-0.2335357964038849,0.9999666810035706,0.5368600487709045,0.707542896270752,-0.2335374802350998,0.9999646544456482,0.5265237092971802,0.6627518534660339,-0.12183409184217453,0.9999852776527405,0.5445753335952759,0.7017701268196106,-0.15997152030467987,0.9999809265136719,0.5372709631919861,0.6749869585037231,-0.20700906217098236,0.9999822974205017,0.5455935001373291,0.6939932703971863,-0.21814893186092377,0.9999726414680481,0.5368245244026184,0.569125235080719,-0.1191396713256836,0.9999656677246094,0.5910897850990295,0.7126917243003845,-0.18290624022483826,0.9999975562095642,0.49002304673194885,0.5428385734558105,-0.35157665610313416,0.8214223980903625,0.5332168340682983,0.8631800413131714,-0.346568763256073,0.9973801970481873,0.5036405324935913,0.5788381099700928,-0.6457688212394714,0.627869725227356,0.49358776211738586,1.0235912799835205,-0.33548301458358765,0.9826936721801758,0.49995699524879456,0.5870423316955566,-0.6960912346839905,0.5333531498908997,0.49017828702926636,1.0701904296875,-0.3601350784301758,0.9577600359916687,0.5068650841712952,0.6102229356765747,-0.6842263340950012,0.5322386026382446,0.48937177658081055,1.0686819553375244,-0.3552895188331604,0.9504998326301575,0.5089792013168335,0.6086307168006897,-0.6517784595489502,0.525775671005249,0.49024903774261475,1.0525567531585693,-0.33767905831336975,0.9450265169143677,0.6307172179222107,0.3823029398918152,0.034197233617305756,0.9999418258666992,0.678632378578186,0.420231431722641,-0.034377314150333405,0.9999898076057434,0.48840680718421936,0.49138617515563965,-0.1476287841796875,0.9355075359344482,0.5840076804161072,0.5143184661865234,-0.3245832026004791,0.9964931011199951,0.39763087034225464,0.3261920213699341,-0.26177746057510376,0.9079229831695557,0.5666421055793762,0.29654979705810547,-0.3147670030593872,0.9768925309181213,0.3968408703804016,0.2643428146839142,-0.27464213967323303,0.904865026473999,0.5733963251113892,0.2861686646938324,-0.3153063952922821,0.9462620615959167,0.344728022813797,0.2949564754962921,-0.37359708547592163,0.948124885559082,0.5415416359901428,0.19110102951526642,-0.4062748849391937,0.9727062582969666,0.5415416359901428,0.19110102951526642,-0.4062748849391937,0.9727062582969666
ayesha,"static, elbow_grip",0.5335503816604614,0.6950876116752625,-0.2067658007144928,0.9999752044677734,0.5254132747650146,0.6881920695304871,-0.18614178895950317,0.999978244304657,0.5237523317337036,0.681922435760498,-0.18618516623973846,0.9999776482582092,0.5221494436264038,0.6756331920623779,-0.186272993683815,0.999979555606842,0.5315255522727966,0.7021514773368835,-0.195503368973732,0.9999661445617676,0.5339750051498413,0.705301821231842,-0.19557423889636993,0.9999620318412781,0.5362080931663513,0.7078805565834045,-0.19558249413967133,0.9999594688415527,0.5260851383209229,0.6635250449180603,-0.08209335803985596,0.9999834895133972,0.5440061092376709,0.7025213241577148,-0.123777836561203,0.9999780654907227,0.5365579724311829,0.6750422716140747,-0.16955138742923737,0.9999802708625793,0.5448688268661499,0.6940779685974121,-0.1817070096731186,0.9999691247940063,0.5367332696914673,0.5695724487304688,-0.08066145330667496,0.9999643564224243,0.5909685492515564,0.712801992893219,-0.15072937309741974,0.9999975562095642,0.4895114600658417,0.5388244986534119,-0.30640947818756104,0.8151227235794067,0.5332137942314148,0.8632774353027344,-0.3081309199333191,0.9973609447479248,0.5036962628364563,0.5766245126724243,-0.5976062417030334,0.6202016472816467,0.4934801757335663,1.0263866186141968,-0.2917421758174896,0.9834364056587219,0.5003872513771057,0.5859772562980652,-0.6458430886268616,0.5281068682670593,0.49017420411109924,1.0740301609039307,-0.3149915933609009,0.9588622450828552,0.5071231722831726,0.6090999841690063,-0.6331978440284729,0.5280940532684326,0.4893718957901001,1.0729825496673584,-0.30977728962898254,0.951932430267334,0.5096453428268433,0.6074752807617188,-0.6030502319335938,0.5246292948722839,0.49024027585983276,1.0565141439437866,-0.29365819692611694,0.94679194688797,0.6299558877944946,0.38238635659217834,0.03469682112336159,0.999943196773529,0.6782729625701904,0.42090392112731934,-0.03486251085996628,0.9999898076057434,0.48842620849609375,0.49117758870124817,-0.14254263043403625,0.93651282787323,0.5838843584060669,0.5151079297065735,-0.3286314904689789,0.9962647557258606,0.39675912261009216,0.32754164934158325,-0.2589229941368103,0.9124569296836853,0.567036509513855,0.29814326763153076,-0.31838852167129517,0.9759173393249512,0.3953067362308502,0.2658360004425049,-0.2717876434326172,0.9059095978736877,0.5994487404823303,0.26126986742019653,-0.31882935762405396,0.9427807927131653,0.3445749878883362,0.297259658575058,-0.365997850894928,0.9490131139755249,0.5415220260620117,0.19245806336402893,-0.4066630005836487,0.9711399674415588,0.5415220260620117,0.19245806336402893,-0.4066630005836487,0.9711399674415588
ayesha,"static, elbow_grip",0.5330381989479065,0.6937271356582642,-0.21122600138187408,0.9999738335609436,0.5250459909439087,0.687957227230072,-0.19216527044773102,0.9999765753746033,0.5234380960464478,0.6819261908531189,-0.1922035813331604,0.9999760389328003,0.5218769311904907,0.6758444309234619,-0.19229982793331146,0.999977707862854,0.53105628490448,0.7017005681991577,-0.20338287949562073,0.999963641166687,0.5335003137588501,0.7049818634986877,-0.2034512162208557,0.9999591112136841,0.5357372164726257,0.7076425552368164,-0.20345284044742584,0.9999556541442871,0.5258426070213318,0.664248526096344,-0.08755680918693542,0.9999822974205017,0.5436206459999084,0.7028816342353821,-0.13695114850997925,0.9999769330024719,0.5361192226409912,0.6747865676879883,-0.17254099249839783,0.9999790787696838,0.5443159937858582,0.6928689479827881,-0.1869358867406845,0.9999672174453735,0.5368859767913818,0.5700578689575195,-0.07707145810127258,0.9999638795852661,0.5908873677253723,0.712729811668396,-0.16310368478298187,0.999997615814209,0.4926866888999939,0.5384302735328674,-0.29166144132614136,0.8046751022338867,0.5331540703773499,0.8635765314102173,-0.3164485692977905,0.9974308013916016,0.5065370798110962,0.5711108446121216,-0.5878942608833313,0.6100154519081116,0.4933277368545532,1.0274810791015625,-0.2889290452003479,0.9843528270721436,0.5113681554794312,0.5778527855873108,-0.6341912150382996,0.5220166444778442,0.4901488423347473,1.07525634765625,-0.31129172444343567,0.960616946220398,0.5176469683647156,0.6009340286254883,-0.6246842741966248,0.5233056545257568,0.489370197057724,1.074643850326538,-0.3036535382270813,0.9540483951568604,0.5188724994659424,0.598933756351471,-0.5942904949188232,0.522301435470581,0.49020880460739136,1.0588732957839966,-0.28914687037467957,0.9492573142051697,0.6293289661407471,0.38280701637268066,0.03602081164717674,0.9999437928199768,0.6778956055641174,0.42131590843200684,-0.036171428859233856,0.999989926815033,0.4884034991264343,0.4933866858482361,-0.1347038745880127,0.9383143186569214,0.586428701877594,0.514616847038269,-0.33125513792037964,0.9962393045425415,0.3916977643966675,0.32480618357658386,-0.24338358640670776,0.9162927865982056,0.5694712996482849,0.30762889981269836,-0.2941780686378479,0.9755635261535645,0.3883148431777954,0.27042514085769653,-0.2550378143787384,0.9070929288864136,0.5950085520744324,0.28667521476745605,-0.2911459803581238,0.9417628049850464,0.3428014814853668,0.2994445562362671,-0.3417617380619049,0.9496945738792419,0.5417025089263916,0.197702094912529,-0.37821099162101746,0.9702485799789429,0.5417025089263916,0.197702094912529,-0.37821099162101746,0.9702485799789429
ayesha,"static, elbow_grip",0.5325829982757568,0.6869911551475525,-0.19766251742839813,0.9999722242355347,0.5247184634208679,0.6858842968940735,-0.17758147418498993,0.9999747276306152,0.5231926441192627,0.6808129549026489,-0.1776193082332611,0.9999743700027466,0.5217240452766418,0.6755006909370422,-0.1777106374502182,0.9999755024909973,0.5306670665740967,0.6985277533531189,-0.1896601766347885,0.9999609589576721,0.5331401228904724,0.7022492289543152,-0.18973390758037567,0.9999558925628662,0.5354099869728088,0.7054207921028137,-0.189732164144516,0.9999513626098633,0.5258085131645203,0.6643561124801636,-0.07337579876184464,0.9999807476997375,0.5434552431106567,0.7030463814735413,-0.13111431896686554,0.999975323677063,0.5359824299812317,0.6710720062255859,-0.15975625813007355,0.9999772310256958,0.5438918471336365,0.6870102882385254,-0.17405009269714355,0.9999640583992004,0.5375604629516602,0.5724177360534668,-0.05416318029165268,0.9999642372131348,0.5908147096633911,0.7127729654312134,-0.15958644449710846,0.9999976754188538,0.4935690462589264,0.5379393696784973,-0.19543573260307312,0.7802460789680481,0.533012330532074,0.8651338815689087,-0.3006541430950165,0.9974976778030396,0.5022589564323425,0.5571298003196716,-0.4656895101070404,0.5909432172775269,0.4932142198085785,1.028593897819519,-0.2693934142589569,0.9853224754333496,0.49853411316871643,0.5356706976890564,-0.49925845861434937,0.5092238783836365,0.49012520909309387,1.0774277448654175,-0.29293203353881836,0.9626136422157288,0.5043927431106567,0.5583568215370178,-0.5044143795967102,0.5123534798622131,0.4893721044063568,1.0769710540771484,-0.2912735044956207,0.9564451575279236,0.5064842104911804,0.5595223307609558,-0.47709766030311584,0.5153764486312866,0.49020305275917053,1.0613840818405151,-0.27669620513916016,0.9520586133003235,0.6293472647666931,0.3839587867259979,0.045077428221702576,0.9999412298202515,0.6778436899185181,0.42141854763031006,-0.04517316073179245,0.9999896883964539,0.4884891211986542,0.49448683857917786,-0.0846857875585556,0.9380877614021301,0.5859524011611938,0.5137389302253723,-0.3314990997314453,0.9962936639785767,0.3928363621234894,0.32521486282348633,-0.18037739396095276,0.9186602234840393,0.5698848366737366,0.3091234266757965,-0.28378766775131226,0.9761788249015808,0.39379680156707764,0.3123580515384674,-0.1904173046350479,0.9061404466629028,0.5912591218948364,0.2887732982635498,-0.2793828845024109,0.9427279829978943,0.34459176659584045,0.301294207572937,-0.2586357891559601,0.9495389461517334,0.541814923286438,0.19874189794063568,-0.35894763469696045,0.9703869819641113,0.541814923286438,0.19874189794063568,-0.35894763469696045,0.9703869819641113
ayesha,"static, elbow_grip",0.5310544371604919,0.6832066178321838,-0.14914807677268982,0.9999719858169556,0.5235939621925354,0.6850194931030273,-0.1290401816368103,0.9999738931655884,0.5223605036735535,0.6804487705230713,-0.129078209400177,0.999973475933075,0.521131157875061,0.6755118370056152,-0.12918907403945923,0.9999741911888123,0.5288819074630737,0.697412371635437,-0.14576800167560577,0.9999606609344482,0.5312607288360596,0.7015995383262634,-0.14585460722446442,0.9999553561210632,0.5334914922714233,0.7051604986190796,-0.14584562182426453,0.9999505877494812,0.5256028771400452,0.665306568145752,-0.024762887507677078,0.9999793767929077,0.5419147610664368,0.7035819292068481,-0.10215698182582855,0.99997478723526,0.535492479801178,0.668812096118927,-0.10962984710931778,0.9999755024909973,0.5428745746612549,0.6840266585350037,-0.1311652958393097,0.9999619722366333,0.5378057360649109,0.5738386511802673,0.01649012230336666,0.9999642968177795,0.5907012224197388,0.713229775428772,-0.14004455506801605,0.9999977350234985,0.493958443403244,0.5378772020339966,-0.07439155876636505,0.755215048789978,0.5330256819725037,0.8652546405792236,-0.25432446599006653,0.9974709153175354,0.48750191926956177,0.5427274107933044,-0.2901071608066559,0.5714430809020996,0.49313071370124817,1.0280739068984985,-0.21235889196395874,0.9861460328102112,0.4833250641822815,0.5256624221801758,-0.3113683760166168,0.494192510843277,0.49001824855804443,1.0765652656555176,-0.22875280678272247,0.9642685651779175,0.48741278052330017,0.5462231040000916,-0.32016637921333313,0.4989989995956421,0.48931121826171875,1.076042652130127,-0.2109898179769516,0.9584609866142273,0.4900134205818176,0.5483773350715637,-0.30147436261177063,0.5063344836235046,0.49010980129241943,1.0602195262908936,-0.20750120282173157,0.9544125199317932,0.629665195941925,0.38424620032310486,0.05202564224600792,0.9999396204948425,0.677712619304657,0.4219597578048706,-0.05211767181754112,0.9999895691871643,0.4910971224308014,0.49220603704452515,-0.07675401121377945,0.9380865693092346,0.5868363976478577,0.5153177380561829,-0.33219656348228455,0.9963358640670776,0.3847578167915344,0.32553359866142273,-0.18862773478031158,0.9208729267120361,0.5704697966575623,0.31236621737480164,-0.27671173214912415,0.9768800139427185,0.39268726110458374,0.32613253593444824,-0.1998620331287384,0.9055319428443909,0.5906863808631897,0.2923352122306824,-0.272122859954834,0.943854570388794,0.3401584327220917,0.31177055835723877,-0.26155105233192444,0.9493873715400696,0.5421227216720581,0.20401260256767273,-0.34149885177612305,0.9705731272697449,0.5421227216720581,0.20401260256767273,-0.34149885177612305,0.9705731272697449
ayesha,"static, elbow_grip",0.5295940637588501,0.6777854561805725,-0.13252253830432892,0.9999726414680481,0.5223501920700073,0.6825070381164551,-0.11220864951610565,0.999974250793457,0.5213972926139832,0.6788271069526672,-0.11225175857543945,0.9999737739562988,0.5204046964645386,0.6746915578842163,-0.11235605925321579,0.999974250793457,0.5267575979232788,0.6939764022827148,-0.1295652836561203,0.999961793422699,0.5289043188095093,0.6986822485923767,-0.1296488344669342,0.9999565482139587,0.5310004353523254,0.7030190229415894,-0.12962347269058228,0.9999518394470215,0.5251286625862122,0.6658126711845398,-0.005718108732253313,0.9999792575836182,0.5397367477416992,0.7036876082420349,-0.08511524647474289,0.9999754428863525,0.5349485278129578,0.6656031012535095,-0.09226919710636139,0.9999752640724182,0.5414658188819885,0.6797136068344116,-0.11486515402793884,0.9999620318412781,0.5384610295295715,0.5754513740539551,0.033029187470674515,0.9999647736549377,0.5904764533042908,0.713882327079773,-0.12491891533136368,0.9999977946281433,0.4935634732246399,0.537367045879364,-0.07697787880897522,0.7288382053375244,0.5330184102058411,0.8653597831726074,-0.24473561346530914,0.9975142478942871,0.4844582676887512,0.5318034887313843,-0.319111704826355,0.5501276254653931,0.49304041266441345,1.0275132656097412,-0.19317446649074554,0.9869303703308105,0.4800473153591156,0.5145753026008606,-0.3447144627571106,0.4782838225364685,0.48998352885246277,1.0759289264678955,-0.20852495729923248,0.9658443331718445,0.4850820302963257,0.5341924428939819,-0.3530782461166382,0.48468393087387085,0.4893016517162323,1.0735033750534058,-0.19067950546741486,0.9603694677352905,0.48822033405303955,0.536862850189209,-0.33114561438560486,0.49566489458084106,0.4900765120983124,1.0584030151367188,-0.18728569149971008,0.956624448299408,0.6301141381263733,0.3843696415424347,0.056100692600011826,0.9999391436576843,0.6777011752128601,0.42227745056152344,-0.05615731328725815,0.9999896287918091,0.4914800822734833,0.4531824588775635,-0.07410820573568344,0.9380455613136292,0.5871999263763428,0.5169956088066101,-0.33318063616752625,0.9964252710342407,0.3831532299518585,0.32581648230552673,-0.19397428631782532,0.9229524731636047,0.5702843070030212,0.3112582564353943,-0.2824650704860687,0.9776977300643921,0.3934054374694824,0.32837435603141785,-0.2057555615901947,0.9060385227203369,0.5895684361457825,0.29375168681144714,-0.2785061299800873,0.9454559087753296,0.3380577266216278,0.31778764724731445,-0.26797381043434143,0.9496380090713501,0.542103111743927,0.20412403345108032,-0.3488417863845825,0.9710713028907776,0.542103111743927,0.20412403345108032,-0.3488417863845825,0.9710713028907776
ayesha,"static, elbow_grip",0.5246306657791138,0.6762022972106934,-0.12866976857185364,0.9999720454216003,0.5191646814346313,0.6821197867393494,-0.10753151774406433,0.9999726414680481,0.5186148285865784,0.6787279844284058,-0.10756687819957733,0.9999721646308899,0.518030047416687,0.6747952699661255,-0.10767721384763718,0.9999722242355347,0.5227497220039368,0.6929838061332703,-0.12546533346176147,0.9999606013298035,0.5247925519943237,0.6977001428604126,-0.1255493015050888,0.9999551177024841,0.5269550085067749,0.7022201418876648,-0.12552616000175476,0.9999496936798096,0.5236905813217163,0.6679337620735168,-0.002511724829673767,0.999977171421051,0.5366399884223938,0.7037839889526367,-0.08299601078033447,0.9999741315841675,0.5309407114982605,0.6648341417312622,-0.08913429826498032,0.9999732971191406,0.5361930727958679,0.6778628826141357,-0.11239412426948547,0.9999586343765259,0.5384141802787781,0.5766992568969727,0.04545241966843605,0.9999656081199646,0.5902225375175476,0.7145395874977112,-0.12410132586956024,0.9999978542327881,0.4930688440799713,0.5356913805007935,-0.015103367157280445,0.717397928237915,0.5329755544662476,0.8658965826034546,-0.23947195708751678,0.9975805282592773,0.48146337270736694,0.4881161153316498,-0.20250722765922546,0.543056845664978,0.4929262101650238,1.02744722366333,-0.1893172264099121,0.9877895712852478,0.47721365094184875,0.46723300218582153,-0.21339468657970428,0.47224321961402893,0.4899420440196991,1.075039267539978,-0.20537282526493073,0.9676863551139832,0.48032787442207336,0.483272910118103,-0.22832515835762024,0.48085954785346985,0.4892643392086029,1.0716358423233032,-0.1842435896396637,0.962557852268219,0.48379090428352356,0.4862808883190155,-0.21499116718769073,0.4951264262199402,0.49000465869903564,1.0574795007705688,-0.18263715505599976,0.9590967893600464,0.6302573084831238,0.386474609375,0.05951020494103432,0.9999349117279053,0.6776414513587952,0.4228421449661255,-0.05960969999432564,0.9999890923500061,0.4924660325050354,0.4634190797805786,-0.07325766980648041,0.9376682043075562,0.5895893573760986,0.5174927711486816,-0.3427335321903229,0.9964781403541565,0.38689443469047546,0.356527715921402,-0.18579649925231934,0.9242676496505737,0.5707300305366516,0.3134312033653259,-0.2886319160461426,0.9784454703330994,0.3917354643344879,0.3372385799884796,-0.1969805657863617,0.9050430059432983,0.5879024863243103,0.2939848303794861,-0.28508827090263367,0.9469196796417236,0.3372238576412201,0.3240033984184265,-0.25037094950675964,0.9494827389717102,0.5433098077774048,0.20934084057807922,-0.354836642742157,0.9717047214508057,0.5433098077774048,0.20934084057807922,-0.354836642742157,0.9717047214508057
ayesha,"static, elbow_grip",0.5207802653312683,0.6741965413093567,-0.1279427856206894,0.9999715685844421,0.5163896679878235,0.6814716458320618,-0.106386199593544,0.9999712109565735,0.516094446182251,0.6784793138504028,-0.10641426593065262,0.9999707341194153,0.5157970786094666,0.6748430132865906,-0.10652478039264679,0.9999704360961914,0.5195615291595459,0.6914796829223633,-0.12470460683107376,0.9999596476554871,0.5215809941291809,0.6961184740066528,-0.12479183077812195,0.9999539852142334,0.5238213539123535,0.7007793188095093,-0.12477147579193115,0.9999479055404663,0.5224881768226624,0.6699433326721191,-0.0014877766370773315,0.9999752640724182,0.5345065593719482,0.7039361000061035,-0.08318334072828293,0.999972939491272,0.5277456641197205,0.663606584072113,-0.08854257315397263,0.9999715685844421,0.5324198007583618,0.6754820942878723,-0.11231986433267593,0.9999553561210632,0.5383917689323425,0.5781976580619812,0.05124252662062645,0.9999663233757019,0.5901076793670654,0.714794933795929,-0.12431633472442627,0.9999978542327881,0.49294960498809814,0.5352025032043457,0.0033022211864590645,0.7079957723617554,0.5329610109329224,0.8665019869804382,-0.23696628212928772,0.9976241588592529,0.4782092273235321,0.47090861201286316,-0.173024982213974,0.5381652116775513,0.4928262531757355,1.0269800424575806,-0.18255895376205444,0.9885368943214417,0.4735528528690338,0.44926854968070984,-0.17976495623588562,0.4679986834526062,0.4899304211139679,1.0743823051452637,-0.19788417220115662,0.9692979454994202,0.47558078169822693,0.46363648772239685,-0.19640086591243744,0.4788725972175598,0.4892616868019104,1.0712909698486328,-0.17615965008735657,0.9644787311553955,0.4794943928718567,0.4666425287723541,-0.18582536280155182,0.49592578411102295,0.489986777305603,1.0569274425506592,-0.17570406198501587,0.9612579345703125,0.630402147769928,0.3881985545158386,0.0622238926589489,0.9999294877052307,0.6775889992713928,0.42332321405410767,-0.06236162409186363,0.999988317489624,0.4924493730068207,0.4778675138950348,-0.07055124640464783,0.9371170997619629,0.5901762843132019,0.519362211227417,-0.35023635625839233,0.9965447783470154,0.38887181878089905,0.3671400249004364,-0.17900913953781128,0.9253765940666199,0.5709507465362549,0.3145972788333893,-0.2889743447303772,0.9791917204856873,0.3908565938472748,0.3417372405529022,-0.1899038851261139,0.9041164517402649,0.5864318609237671,0.2942567467689514,-0.28724727034568787,0.948320209980011,0.33765676617622375,0.3280792236328125,-0.2401055246591568,0.9493876695632935,0.5438467264175415,0.21090781688690186,-0.36098718643188477,0.9723814725875854,0.5438467264175415,0.21090781688690186,-0.36098718643188477,0.9723814725875854
ayesha,"static, elbow_grip",0.5202266573905945,0.6735709309577942,-0.13262344896793365,0.9999694228172302,0.5159040689468384,0.6816424131393433,-0.11177454143762589,0.9999681115150452,0.5156111121177673,0.6785823702812195,-0.11181404441595078,0.9999678730964661,0.5153360962867737,0.6750145554542542,-0.11192545294761658,0.9999668002128601,0.519156277179718,0.6916285753250122,-0.12935461103916168,0.9999558925628662,0.5212243795394897,0.6962721347808838,-0.12943626940250397,0.9999496340751648,0.5234979391098022,0.7009260654449463,-0.12941502034664154,0.9999418258666992,0.5222659707069397,0.6722662448883057,-0.007092599291354418,0.9999723434448242,0.5342207551002502,0.7051881551742554,-0.08484786003828049,0.999970018863678,0.5268704891204834,0.6630597114562988,-0.09320353716611862,0.9999686479568481,0.5316036343574524,0.6745702028274536,-0.11607158929109573,0.999950110912323,0.5384010672569275,0.5823584794998169,0.03921648487448692,0.9999660849571228,0.5898962020874023,0.7148309946060181,-0.12530042231082916,0.9999978542327881,0.49297815561294556,0.5348973870277405,-0.04729296639561653,0.6941065192222595,0.5329174995422363,0.8668211698532104,-0.2401050478219986,0.9976676106452942,0.48027756810188293,0.4830559492111206,-0.2612365484237671,0.529567539691925,0.49274739623069763,1.0267223119735718,-0.21061180531978607,0.989254355430603,0.47579675912857056,0.46290305256843567,-0.2771543264389038,0.4619033634662628,0.4899247884750366,1.0745313167572021,-0.2304520457983017,0.9708957076072693,0.47859227657318115,0.47842487692832947,-0.2906542420387268,0.47457176446914673,0.48926055431365967,1.0716403722763062,-0.20257334411144257,0.9663803577423096,0.4823663532733917,0.48142361640930176,-0.2738824188709259,0.49483025074005127,0.48998168110847473,1.0569734573364258,-0.20211315155029297,0.9633464217185974,0.6304143071174622,0.3892543315887451,0.06177864223718643,0.9999232292175293,0.6773679852485657,0.4240415692329407,-0.06188060715794563,0.9999872446060181,0.4920802712440491,0.4849035143852234,-0.07240889966487885,0.9357845187187195,0.592004120349884,0.5207730531692505,-0.349256694316864,0.9966164827346802,0.3878382444381714,0.37168264389038086,-0.18357007205486298,0.9262219667434692,0.572520911693573,0.3191683888435364,-0.28907379508018494,0.9798644781112671,0.3878377079963684,0.3442862033843994,-0.19473472237586975,0.9045708179473877,0.5840156078338623,0.30850160121917725,-0.2854875922203064,0.9497546553611755,0.3319329023361206,0.3366924822330475,-0.24717138707637787,0.9489349126815796,0.543797492980957,0.2228035181760788,-0.3529004454612732,0.9728302359580994,0.543797492980957,0.2228035181760788,-0.3529004454612732,0.9728302359580994
ayesha,"static, elbow_grip",0.5205606818199158,0.6743898391723633,-0.11989490687847137,0.999967634677887,0.5159898400306702,0.6822461485862732,-0.09830848127603531,0.999965488910675,0.5156406760215759,0.6793836355209351,-0.09835219383239746,0.9999653697013855,0.5153670310974121,0.6759874224662781,-0.09847404807806015,0.9999637603759766,0.5193521976470947,0.6918014287948608,-0.11543697863817215,0.9999528527259827,0.5213990807533264,0.6964142918586731,-0.11551489681005478,0.9999459981918335,0.5236336588859558,0.7010349035263062,-0.11550836265087128,0.9999368786811829,0.5224648118019104,0.6734123229980469,0.006039122585207224,0.9999694228172302,0.5344452261924744,0.705912709236145,-0.07023029774427414,0.9999671578407288,0.5269635915756226,0.6633791923522949,-0.08083336055278778,0.999965488910675,0.5319228172302246,0.6750544905662537,-0.10306588560342789,0.9999436736106873,0.5389405488967896,0.5828688740730286,0.055630285292863846,0.9999659061431885,0.5898524522781372,0.713862419128418,-0.11544843763113022,0.9999977946281433,0.4948352575302124,0.5325986742973328,-0.011939194053411484,0.6818628311157227,0.5328152775764465,0.8666450381278992,-0.23274387419223785,0.9976353049278259,0.4803975522518158,0.4763166606426239,-0.20449356734752655,0.5274587273597717,0.49271324276924133,1.0257582664489746,-0.20103341341018677,0.9897899627685547,0.4750421941280365,0.45620813965797424,-0.21464481949806213,0.4612577259540558,0.48989802598953247,1.0742576122283936,-0.22015944123268127,0.9720267653465271,0.47625496983528137,0.46995896100997925,-0.2318430095911026,0.4757840633392334,0.48925840854644775,1.0714482069015503,-0.19589638710021973,0.9677372574806213,0.48043176531791687,0.47279924154281616,-0.2180759757757187,0.4983399212360382,0.4899742007255554,1.0566794872283936,-0.19405832886695862,0.9648900032043457,0.6304252743721008,0.38960137963294983,0.06246766820549965,0.9999167323112488,0.6772297024726868,0.4245457053184509,-0.06259176880121231,0.9999861121177673,0.49099603295326233,0.4905068278312683,-0.06954451650381088,0.9351537227630615,0.5919038653373718,0.5236929059028625,-0.34857314825057983,0.9966985583305359,0.38828378915786743,0.3759085237979889,-0.1756887137889862,0.9271658062934875,0.5731602907180786,0.32090237736701965,-0.291985422372818,0.9805571436882019,0.386528342962265,0.35015812516212463,-0.18632689118385315,0.9051730632781982,0.5838186144828796,0.3087286055088043,-0.2884325087070465,0.9511412978172302,0.3300599753856659,0.34048739075660706,-0.23304437100887299,0.9487811923027039,0.5437632203102112,0.2270699441432953,-0.3584950268268585,0.9733152389526367,0.5437632203102112,0.2270699441432953,-0.3584950268268585,0.9733152389526367
ayesha,"static, elbow_grip",0.520786702632904,0.6749041080474854,-0.12180083245038986,0.9999653697013855,0.516029417514801,0.6834006905555725,-0.10013783723115921,0.9999625086784363,0.5156705975532532,0.6804878115653992,-0.10018841922283173,0.999962568283081,0.5154148936271667,0.6770377159118652,-0.10031001269817352,0.9999603629112244,0.5194476246833801,0.6930376291275024,-0.11680006980895996,0.9999489784240723,0.5214694142341614,0.6976275444030762,-0.11687805503606796,0.9999414682388306,0.5236732363700867,0.7021269202232361,-0.11686691641807556,0.9999308586120605,0.5226086378097534,0.6743674278259277,0.004300109576433897,0.9999665021896362,0.5347529649734497,0.7072898149490356,-0.0697498619556427,0.9999635219573975,0.5269310474395752,0.6636849045753479,-0.08292761445045471,0.999962329864502,0.5320540070533752,0.6751422882080078,-0.10446880012750626,0.9999372959136963,0.5390718579292297,0.5828837156295776,0.04970359429717064,0.9999650716781616,0.5898162126541138,0.7133985161781311,-0.1146676167845726,0.9999976754188538,0.4955088198184967,0.529143750667572,-0.03732750192284584,0.6705985069274902,0.5327613353729248,0.8661238551139832,-0.23707135021686554,0.9976620078086853,0.4809672236442566,0.46938416361808777,-0.24626222252845764,0.5235921740531921,0.4926948547363281,1.0230133533477783,-0.21036045253276825,0.9903803467750549,0.47532394528388977,0.44784072041511536,-0.2609730362892151,0.45877233147621155,0.4898601174354553,1.069682002067566,-0.23202554881572723,0.9732958674430847,0.47690483927726746,0.4620820879936218,-0.276582807302475,0.47496432065963745,0.4892348349094391,1.0698778629302979,-0.20646457374095917,0.9692466259002686,0.48111942410469055,0.46543073654174805,-0.2596764862537384,0.5003023743629456,0.4899481534957886,1.0556869506835938,-0.20345240831375122,0.9665690660476685,0.630569338798523,0.39098718762397766,0.06160359084606171,0.9999100565910339,0.6772499084472656,0.42485079169273376,-0.0617210753262043,0.9999847412109375,0.49065840244293213,0.49352389574050903,-0.07115653157234192,0.9334080815315247,0.5919531583786011,0.5233263373374939,-0.3481798470020294,0.9966898560523987,0.3889497220516205,0.3810701072216034,-0.17960938811302185,0.9272359013557434,0.5738765001296997,0.3255182206630707,-0.2854852080345154,0.9803880453109741,0.38684219121932983,0.35425838828086853,-0.1904485523700714,0.9049869775772095,0.5955873131752014,0.2881045639514923,-0.2801438271999359,0.9509126543998718,0.3307270407676697,0.3477083444595337,-0.23903346061706543,0.9479001760482788,0.5437974333763123,0.23160503804683685,-0.3391173183917999,0.9727214574813843,0.5437974333763123,0.23160503804683685,-0.3391173183917999,0.9727214574813843
ayesha,"static, elbow_grip",0.5209193825721741,0.6751376390457153,-0.12445466220378876,0.9999633431434631,0.5160729885101318,0.6841035485267639,-0.10273833572864532,0.9999598860740662,0.5156984329223633,0.6811757683753967,-0.10278883576393127,0.9999601244926453,0.5154650211334229,0.6777193546295166,-0.10290814936161041,0.9999574422836304,0.5195679664611816,0.6936948299407959,-0.11945313960313797,0.9999455809593201,0.5215855240821838,0.6982271075248718,-0.1195315346121788,0.9999374747276306,0.5237734317779541,0.7026340961456299,-0.11951814591884613,0.9999254941940308,0.522804319858551,0.675017237663269,0.0017783193616196513,0.9999640583992004,0.5350210666656494,0.7079168558120728,-0.07224464416503906,0.9999603033065796,0.5268884301185608,0.6638339161872864,-0.08565521985292435,0.9999596476554871,0.5320912599563599,0.6753635406494141,-0.107210673391819,0.9999316930770874,0.539226233959198,0.5828949809074402,0.046171437948942184,0.9999643564224243,0.5898067951202393,0.7128473520278931,-0.11589130759239197,0.999997615814209,0.4958589971065521,0.5277023911476135,-0.043131694197654724,0.6599252223968506,0.5327015519142151,0.8657814860343933,-0.23997798562049866,0.9976995587348938,0.4815584421157837,0.4677390456199646,-0.2539491653442383,0.5187863707542419,0.4926680624485016,1.0218180418014526,-0.21932433545589447,0.9909325242042542,0.47593066096305847,0.44607970118522644,-0.2686728239059448,0.45530200004577637,0.48982420563697815,1.067927598953247,-0.24126002192497253,0.9745084047317505,0.4777955412864685,0.4604083299636841,-0.284433513879776,0.47298386693000793,0.4892188310623169,1.0693249702453613,-0.21753549575805664,0.9706820845603943,0.481970876455307,0.4637781083583832,-0.2674715220928192,0.5009315609931946,0.48992806673049927,1.0553725957870483,-0.2131822109222412,0.9681589007377625,0.6307269334793091,0.39209192991256714,0.0611938014626503,0.9999045729637146,0.6772988438606262,0.42503613233566284,-0.06130404397845268,0.9999836087226868,0.49050241708755493,0.49529367685317993,-0.07129622250795364,0.9316251873970032,0.5919007062911987,0.5230982303619385,-0.3478778302669525,0.9966944456100464,0.3893987536430359,0.3834252655506134,-0.18035505712032318,0.9271858334541321,0.5742977857589722,0.3271237313747406,-0.283364862203598,0.9803264737129211,0.3870789110660553,0.35638999938964844,-0.19119495153427124,0.9046623110771179,0.5988891124725342,0.2788126766681671,-0.277852326631546,0.9508833289146423,0.33099791407585144,0.35050350427627563,-0.23852992057800293,0.9471035003662109,0.5438233613967896,0.23310235142707825,-0.3355652391910553,0.9723243117332458,0.5438233613967896,0.23310235142707825,-0.3355652391910553,0.9723243117332458
ayesha,"static, elbow_grip",0.5209481716156006,0.6719170808792114,-0.12290795147418976,0.9999619126319885,0.5161340236663818,0.6821621656417847,-0.10092711448669434,0.9999576210975647,0.5157458186149597,0.6798350214958191,-0.10096579045057297,0.9999579191207886,0.5154876112937927,0.676965594291687,-0.10108021646738052,0.9999545216560364,0.5196036696434021,0.6908208727836609,-0.11986102908849716,0.9999432563781738,0.5216135382652283,0.6953089237213135,-0.11992641538381577,0.9999346733093262,0.5237777829170227,0.6999024748802185,-0.11990286409854889,0.9999212026596069,0.5229112505912781,0.67522132396698,0.003978518769145012,0.999961793422699,0.534996747970581,0.7078576683998108,-0.07540801167488098,0.9999579191207886,0.5269321799278259,0.6621941924095154,-0.0837884172797203,0.9999566078186035,0.532030463218689,0.6726769804954529,-0.1081976518034935,0.9999256134033203,0.5398802161216736,0.5832270979881287,0.052495457231998444,0.9999630451202393,0.5898009538650513,0.7123784422874451,-0.12550070881843567,0.9999974966049194,0.4957197308540344,0.5282385349273682,-0.02287435345351696,0.6496266722679138,0.5326676964759827,0.8657711148262024,-0.2555042505264282,0.9977400898933411,0.4743237793445587,0.4709289073944092,-0.23451216518878937,0.5193355083465576,0.49262407422065735,1.0212926864624023,-0.24684777855873108,0.9915230870246887,0.4668363928794861,0.450307160615921,-0.24713952839374542,0.45735496282577515,0.4897773861885071,1.0679227113723755,-0.27103233337402344,0.9760004281997681,0.46739715337753296,0.46308791637420654,-0.2673894762992859,0.4767730236053467,0.4892156720161438,1.069260835647583,-0.2494390606880188,0.9724375009536743,0.47223493456840515,0.4657268524169922,-0.2500368654727936,0.5071284174919128,0.4899207055568695,1.0552219152450562,-0.24166566133499146,0.9700316786766052,0.6318097710609436,0.39289993047714233,0.06325247883796692,0.9998936653137207,0.6775693893432617,0.42508357763290405,-0.0633576437830925,0.9999815225601196,0.4905475378036499,0.4961150586605072,-0.05756795033812523,0.9289497137069702,0.5925883650779724,0.5239514112472534,-0.3343169093132019,0.9967139959335327,0.38624900579452515,0.388422429561615,-0.16242340207099915,0.9263930916786194,0.5749351978302002,0.3303344249725342,-0.25978729128837585,0.9804890751838684,0.3827435374259949,0.36225882172584534,-0.17320498824119568,0.904882550239563,0.5977904796600342,0.3069343864917755,-0.2539137303829193,0.9515663385391235,0.3308989107608795,0.3531385660171509,-0.22068221867084503,0.9463359117507935,0.5435848832130432,0.24384291470050812,-0.31258031725883484,0.9721649289131165,0.5435848832130432,0.24384291470050812,-0.31258031725883484,0.9721649289131165
ayesha,"static, elbow_grip",0.5208143591880798,0.6715549230575562,-0.12517231702804565,0.9999604225158691,0.5160741209983826,0.6816787719726562,-0.10323838144540787,0.9999551177024841,0.5157020092010498,0.6794779896736145,-0.1032746210694313,0.9999554753303528,0.51544189453125,0.6767732501029968,-0.10338837653398514,0.9999513030052185,0.5194482207298279,0.6901484131813049,-0.12184282392263412,0.9999408721923828,0.5214385390281677,0.6945814490318298,-0.12191051989793777,0.999931812286377,0.5235831141471863,0.699194610118866,-0.12188960611820221,0.9999170303344727,0.5229105949401855,0.6753514409065247,0.0018906184704974294,0.9999589920043945,0.5349014401435852,0.7078906297683716,-0.08062060177326202,0.9999555349349976,0.5268773436546326,0.6620445847511292,-0.08596888929605484,0.9999533891677856,0.5317783951759338,0.6723731160163879,-0.10985971987247467,0.9999194741249084,0.5400562286376953,0.5831665992736816,0.05225881561636925,0.9999615550041199,0.5898047089576721,0.712096631526947,-0.13171963393688202,0.9999973773956299,0.4956096410751343,0.5284340381622314,-0.017255252227187157,0.6441332101821899,0.5325566530227661,0.8657011985778809,-0.2597232460975647,0.9977751970291138,0.46851518750190735,0.4656048119068146,-0.22106333076953888,0.5242109894752502,0.49259185791015625,1.019451379776001,-0.25016090273857117,0.9920674562454224,0.46024078130722046,0.44426608085632324,-0.2320004403591156,0.4627114534378052,0.4897477924823761,1.0653718709945679,-0.27436479926109314,0.9773815870285034,0.46022775769233704,0.4560178816318512,-0.25349539518356323,0.48379990458488464,0.4892096221446991,1.0672812461853027,-0.25312110781669617,0.974061906337738,0.46536391973495483,0.45852288603782654,-0.23688647150993347,0.5161154866218567,0.4899013936519623,1.054233431816101,-0.24510958790779114,0.9717692136764526,0.6322651505470276,0.39342230558395386,0.06391749531030655,0.9998826384544373,0.6776901483535767,0.42511340975761414,-0.06403195112943649,0.999979555606842,0.49056312441825867,0.49680233001708984,-0.05552608147263527,0.927002489566803,0.5936945676803589,0.524389386177063,-0.33396628499031067,0.9967184662818909,0.3846227526664734,0.3892190456390381,-0.1563592255115509,0.9256417751312256,0.5753333568572998,0.33193156123161316,-0.25553128123283386,0.980499804019928,0.38046419620513916,0.36412084102630615,-0.16667503118515015,0.9049434661865234,0.5968949794769287,0.31594544649124146,-0.24909009039402008,0.951918363571167,0.33049556612968445,0.3542909026145935,-0.21430107951164246,0.9455879330635071,0.5433242321014404,0.2469085454940796,-0.3077130913734436,0.9718726873397827,0.5433242321014404,0.2469085454940796,-0.3077130913734436,0.9718726873397827
